time,latitude,longitude,depth,mag,magType,nst,gap,dmin,rms,net,id,updated,place,type,horizontalError,depthError,magError,magNst,status,locationSource,magSource
2018-03-30T00:10:41.723Z,60.897,-149.5694,29.7,1.6,ml,,,,0.49,ak,ak18827405,2018-03-30T00:17:00.794Z,"39km SSE of Anchorage, Alaska",earthquake,,0.1,,,automatic,ak,ak
2018-03-30T00:04:46.250Z,38.824501,-122.7983322,2.48,0.89,md,12,75,0.009238,0.02,nc,nc72991400,2018-03-30T00:16:03.874Z,"6km NW of The Geysers, CA",earthquake,0.25,0.58,0.04,4,automatic,nc,nc
2018-03-30T00:03:30.132Z,62.8542,-145.0359,0,2,ml,,,,1.03,ak,ak18827386,2018-03-30T00:17:00.533Z,"87km NNE of Glennallen, Alaska",earthquake,,0.4,,,automatic,ak,ak
2018-03-29T23:55:37.180Z,18.03,-68.1463,55,4.01,md,21,193,0.538,0.52,pr,pr2018088003,2018-03-30T00:26:57.523Z,"73km SE of Punta Cana, Dominican Republic",earthquake,1.98,3.43,0.43,16,reviewed,pr,pr
2018-03-29T23:49:32.430Z,19.1988335,-155.5164948,35.58,2.03,md,41,138,0.05199,0.15,hv,hv70065656,2018-03-29T23:52:51.750Z,"3km W of Pahala, Hawaii",earthquake,0.58,1.25,0.15,11,automatic,hv,hv
2018-03-29T23:46:45.010Z,62.2762,-150.9036,60.1,1.9,ml,,,,0.45,ak,ak18827360,2018-03-29T23:58:47.112Z,"41km W of Talkeetna, Alaska",earthquake,,0.8,,,automatic,ak,ak
2018-03-29T23:32:35.750Z,34.0453333,-117.2348333,16.02,1.26,ml,47,52,0.07196,0.13,ci,ci37902471,2018-03-29T23:47:57.253Z,"2km E of Loma Linda, CA",earthquake,0.19,0.3,0.187,23,reviewed,ci,ci
2018-03-29T23:24:44.260Z,38.6761,69.9618,10,4.7,mb,,33,0.425,1,us,us1000db6f,2018-03-29T23:50:39.510Z,"14km SSE of Roghun, Tajikistan",earthquake,3.3,1.8,0.059,87,reviewed,us,us
2018-03-29T23:17:32.780Z,36.4008,140.734,41.13,5,mwr,,118,1.466,1.39,us,us1000db68,2018-03-30T00:22:58.424Z,"15km NE of Oarai, Japan",earthquake,6.4,5.6,0.071,19,reviewed,us,us
2018-03-29T23:15:17.970Z,39.538,-121.498,-0.2,0.69,md,6,132,0.01659,0.1,nc,nc72991385,2018-03-30T00:04:34.039Z,"4km NNW of Oroville East, CA",chemical explosion,0.91,31.61,0.343,5,reviewed,nc,nc
2018-03-29T22:54:12.880Z,38.7406,69.9547,3.62,5.6,mb,,22,0.382,1.14,us,us1000db5t,2018-03-29T23:20:27.895Z,"8km ESE of Roghun, Tajikistan",earthquake,4,3.3,0.031,369,reviewed,us,us
2018-03-29T22:51:24.260Z,-5.9846,151.8545,35,5.3,mb,,42,5.947,0.82,us,us1000db5u,2018-03-29T23:04:20.040Z,"186km SSW of Kokopo, Papua New Guinea",earthquake,8.3,2,0.076,58,reviewed,us,us
2018-03-29T22:27:40.140Z,-3.7257,151.1156,23.61,4.9,mb,,90,4.1,0.98,us,us1000db5l,2018-03-29T22:51:37.040Z,"128km WNW of Rabaul, Papua New Guinea",earthquake,8.9,3.9,0.054,108,reviewed,us,us
2018-03-29T22:19:16.180Z,35.8483315,-120.1413345,9.4,1.72,md,13,175,0.1005,0.12,nc,nc72991375,2018-03-29T23:30:02.604Z,"17km S of Avenal, CA",earthquake,0.84,1.37,0.31,5,automatic,nc,nc
2018-03-29T22:15:26.060Z,-5.6305,151.5544,35,5,mb,,56,5.491,0.94,us,us1000db5b,2018-03-29T22:37:43.040Z,"156km E of Kimbe, Papua New Guinea",earthquake,8.3,1.9,0.043,170,reviewed,us,us
2018-03-29T22:15:02.421Z,62.9568,-151.3785,136.3,2.3,ml,,,,0.28,ak,ak18825073,2018-03-29T22:18:08.831Z,"95km NW of Talkeetna, Alaska",earthquake,,0.9,,,automatic,ak,ak
2018-03-29T22:07:05.530Z,37.6643333,-118.8505,-0.09,0.49,md,11,100,0.02877,0.05,nc,nc72991370,2018-03-29T22:56:01.426Z,"12km ENE of Mammoth Lakes, CA",earthquake,0.31,0.61,0.172,9,reviewed,nc,nc
2018-03-29T22:05:57.311Z,63.1697,-150.712,127.5,2.5,ml,,,,0.49,ak,ak18825064,2018-03-29T22:10:50.373Z,"91km WSW of Cantwell, Alaska",earthquake,,0.6,,,automatic,ak,ak
2018-03-29T22:02:15.830Z,38.7926674,-122.7618332,3.07,1.2,md,16,86,0.02039,0.05,nc,nc72991365,2018-03-29T22:56:03.426Z,"2km NNW of The Geysers, CA",earthquake,0.34,0.83,0.07,6,automatic,nc,nc
2018-03-29T21:49:55.710Z,-5.5112,151.6608,35,5.1,mb,,65,5.497,0.79,us,us1000db50,2018-03-29T22:33:48.043Z,"144km SSW of Kokopo, Papua New Guinea",earthquake,8.2,1.9,0.086,44,reviewed,us,us
2018-03-29T21:38:37.970Z,-5.538,151.6129,35,5.3,mb,,59,5.477,1.04,us,us1000db4s,2018-03-29T22:01:40.987Z,"149km SSW of Kokopo, Papua New Guinea",earthquake,8.6,2,0.06,92,reviewed,us,us
2018-03-29T21:36:31.541Z,63.8189,-149.111,12.1,1.2,ml,,,,0.39,ak,ak18825012,2018-03-29T21:40:36.629Z,"8km WSW of Healy, Alaska",earthquake,,0.3,,,automatic,ak,ak
2018-03-29T21:25:36.490Z,-5.4748,151.442,35,6.9,mww,,25,5.306,1.23,us,us1000db40,2018-03-29T23:30:10.995Z,"144km E of Kimbe, Papua New Guinea",earthquake,7.4,1.9,0.057,30,reviewed,us,us
2018-03-29T21:19:57.800Z,38.8255005,-122.8068314,2.41,1.02,md,20,60,0.003292,0.04,nc,nc72991320,2018-03-29T21:21:34.391Z,"7km NW of The Geysers, CA",earthquake,0.27,0.44,0.05,5,automatic,nc,nc
2018-03-29T21:07:26.200Z,38.8009987,-122.7938309,2.66,0.87,md,10,84,0.007054,0.04,nc,nc72991315,2018-03-29T21:40:02.849Z,"4km NW of The Geysers, CA",earthquake,0.34,0.69,0.06,5,automatic,nc,nc
2018-03-29T21:01:56.540Z,37.5583333,-118.8263333,2.56,0.6,md,8,241,0.03172,0.06,nc,nc72991310,2018-03-29T22:01:02.105Z,"13km W of Toms Place, CA",earthquake,1.07,1.39,0.244,7,reviewed,nc,nc
2018-03-29T21:00:16.795Z,65.008,-147.362,14.6,1.1,ml,,,,0.92,ak,ak18823831,2018-03-29T21:08:11.287Z,"24km NNE of Badger, Alaska",earthquake,,0.3,,,automatic,ak,ak
2018-03-29T20:59:50.640Z,35.6791667,-120.9866667,-0.29,1.2,md,21,115,0.1044,0.12,nc,nc72991305,2018-03-30T00:27:03.928Z,"11km WSW of Lake Nacimiento, CA",quarry blast,0.29,31.61,0.329,10,reviewed,nc,nc
2018-03-29T20:59:23.524Z,39.5739,-119.9086,5.6,0.7,ml,10,120.8,0.053,,nn,nn00628092,2018-03-29T21:41:05.545Z,"6km NNE of Mogul, Nevada",earthquake,,,,,reviewed,nn,nn
2018-03-29T20:58:42.020Z,2.6647,96.0564,17.07,4.9,mb,,147,2.032,1.08,us,us1000db31,2018-03-29T21:22:49.040Z,"41km WNW of Sinabang, Indonesia",earthquake,7.9,3.9,0.062,81,reviewed,us,us
2018-03-29T20:53:19.228Z,36.957,-116.8851,0,0.5,ml,11,113.62,0.121,,nn,nn00628090,2018-03-29T21:34:45.996Z,"12km WNW of Beatty, Nevada",earthquake,,,,,reviewed,nn,nn
2018-03-29T20:52:35.730Z,56.2916,-149.2034,10,4,ml,,196,2.376,0.38,us,us1000db2v,2018-03-29T21:06:54.040Z,"256km SE of Kodiak, Alaska",earthquake,6.8,2,0.05,52,reviewed,us,us
2018-03-29T20:50:28.123Z,61.9092,-149.2711,0.1,1.2,ml,,,,0.73,ak,ak18823802,2018-03-29T21:00:25.170Z,"18km N of Fishhook, Alaska",earthquake,,0.5,,,automatic,ak,ak
2018-03-29T20:40:36.112Z,63.6671,-149.8699,135.3,1.9,ml,,,,0.35,ak,ak18823796,2018-03-29T20:46:59.261Z,"49km WSW of Healy, Alaska",earthquake,,0.5,,,automatic,ak,ak
2018-03-29T20:23:51.410Z,37.214,-118.2733333,10.62,0.7,md,5,298,0.1481,0.03,nc,nc72991295,2018-03-29T21:22:40.016Z,"6km NNE of Big Pine, CA",earthquake,1.14,1.37,0.194,5,reviewed,nc,nc
2018-03-29T20:22:18.619Z,59.6732,-152.616,79,1.8,ml,,,,0.4,ak,ak18823783,2018-03-29T20:31:17.095Z,"45km WSW of Anchor Point, Alaska",earthquake,,0.4,,,automatic,ak,ak
2018-03-29T20:17:10.978Z,39.2849,-115.081,1.9,1.5,ml,5,194.51,0.313,0.3059,nn,nn00628081,2018-03-29T20:33:05.795Z,"17km WNW of Ely, Nevada",explosion,,18.4,0.48,4,reviewed,nn,nn
2018-03-29T20:12:07.520Z,56.2455,-148.5538,10,4.2,mb,,158,2.689,0.79,us,us1000db02,2018-03-29T20:27:25.040Z,"290km SE of Kodiak, Alaska",earthquake,9.3,2,0.264,4,reviewed,us,us
2018-03-29T20:01:57.100Z,36.6015,-114.742,0,1.8,ml,17,297.66,0.149,0.35,nn,nn00628069,2018-03-29T20:04:22.900Z,"15km SW of Moapa Town, Nevada",earthquake,,20.2,,,automatic,nn,nn
2018-03-29T20:00:44.542Z,62.045,-148.8997,20.1,2.9,ml,,,,0.78,ak,ak18822670,2018-03-29T20:11:57.848Z,"27km N of Sutton-Alpine, Alaska",earthquake,,0.3,,,automatic,ak,ak
2018-03-29T20:00:13.440Z,43.2968333,-110.7046667,7.11,1.37,ml,9,108,0.126,0.13,mb,mb80287494,2018-03-29T23:02:08.980Z,"6km ENE of Hoback, Wyoming",earthquake,0.79,2.15,0.226,8,reviewed,mb,mb
2018-03-29T19:49:20.590Z,33.4951667,-116.7893333,6.18,0.16,ml,24,57,0.08244,0.15,ci,ci37902383,2018-03-29T20:39:52.715Z,"9km NE of Aguanga, CA",earthquake,0.23,0.88,0.052,3,reviewed,ci,ci
2018-03-29T19:49:05.310Z,33.4935,-116.789,6.32,0.11,ml,19,96,0.08371,0.1,ci,ci37183420,2018-03-29T20:45:54.420Z,"9km NE of Aguanga, CA",earthquake,0.2,0.54,0.071,4,reviewed,ci,ci
2018-03-29T19:48:31.410Z,56.4434,-148.681,13.6,4.3,mb,,139,2.516,0.56,us,us1000daza,2018-03-29T21:12:01.898Z,"270km ESE of Kodiak, Alaska",earthquake,6.6,6.3,0.086,38,reviewed,us,us
2018-03-29T19:32:20.430Z,33.1861667,-115.6068333,2.19,1.09,ml,11,116,0.01139,0.17,ci,ci37902375,2018-03-29T20:10:48.074Z,"10km SW of Niland, CA",earthquake,0.58,0.28,0.455,5,reviewed,ci,ci
2018-03-29T19:30:43.650Z,36.0011667,-117.6838333,2.48,1.29,ml,26,40,0.05968,0.12,ci,ci37902359,2018-03-29T20:08:43.924Z,"21km ENE of Little Lake, CA",earthquake,0.14,0.21,0.092,12,reviewed,ci,ci
2018-03-29T19:24:01.605Z,38.3888,-118.9116,2.6,1.2,ml,6,226.86,0.133,,nn,nn00628172,2018-03-29T22:43:20.232Z,"29km WSW of Hawthorne, Nevada",earthquake,,,,,reviewed,nn,nn
2018-03-29T19:21:04.230Z,45.0953333,-122.4855,-1.02,2.08,ml,7,152,0.1107,0.22,uw,uw61358587,2018-03-29T20:27:57.110Z,"9km SE of Molalla, Oregon",explosion,1.15,31.61,0.153,7,reviewed,uw,uw
2018-03-29T19:19:20.380Z,56.5156,-148.5914,10,4.5,mb,,137,2.519,0.78,us,us1000dayk,2018-03-29T20:56:51.330Z,"271km ESE of Kodiak, Alaska",earthquake,5.8,1.9,0.066,67,reviewed,us,us
2018-03-29T19:19:07.450Z,62.5331,-149.0475,60.6,1.3,ml,,,,0.38,ak,ak18822603,2018-03-29T19:35:43.381Z,"58km NE of Y, Alaska",earthquake,,0.8,,,automatic,ak,ak
2018-03-29T19:05:57.770Z,34.0516667,-117.3435,-0.46,1.04,ml,18,108,0.06379,0.21,ci,ci37902343,2018-03-29T19:57:38.668Z,"3km NW of Grand Terrace, CA",quarry blast,0.48,31.61,0.151,10,reviewed,ci,ci
2018-03-29T19:03:25.980Z,37.5021667,-118.8256667,5.09,0.67,md,7,248,0.08775,0.02,nc,nc72991265,2018-03-29T20:13:03.237Z,"14km WSW of Toms Place, CA",earthquake,1.29,2.45,0.083,6,reviewed,nc,nc
2018-03-29T19:02:20.243Z,61.2354,-151.1673,59.8,1.2,ml,,,,0.51,ak,ak18821505,2018-03-29T19:33:56.213Z,"61km N of Nikiski, Alaska",earthquake,,0.7,,,automatic,ak,ak
2018-03-29T19:01:07.772Z,60.1455,-141.4003,0.3,1.3,ml,,,,0.88,ak,ak18821500,2018-03-29T19:04:09.104Z,"57km E of Cape Yakataga, Alaska",earthquake,,0.6,,,automatic,ak,ak
2018-03-29T18:52:46.021Z,61.7061,-150.79,59.4,1.1,ml,,,,0.58,ak,ak18821496,2018-03-29T23:20:37.081Z,"40km W of Willow, Alaska",earthquake,,0.8,,,reviewed,ak,ak
2018-03-29T18:51:09.010Z,-9.4187,159.5609,10,5.8,mww,,45,11.97,0.85,us,us1000day0,2018-03-29T22:27:51.214Z,"42km W of Honiara, Solomon Islands",earthquake,9.2,1.9,0.073,18,reviewed,us,us
2018-03-29T18:45:29.536Z,61.8951,-148.8849,19.9,1.2,ml,,,,0.57,ak,ak18821493,2018-03-29T18:52:46.626Z,"11km N of Sutton-Alpine, Alaska",earthquake,,0.2,,,automatic,ak,ak
2018-03-29T18:35:45.516Z,38.4553,-118.1439,9.2,0.6,ml,5,261.39,0.024,,nn,nn00628171,2018-03-29T22:34:04.027Z,"42km E of Hawthorne, Nevada",earthquake,,,,,reviewed,nn,nn
2018-03-29T18:25:33.390Z,19.1905003,-155.3399963,29.82,1.99,md,39,172,0.07169,0.15,hv,hv70065231,2018-03-29T18:28:40.140Z,"14km E of Pahala, Hawaii",earthquake,0.66,0.91,0.18,14,automatic,hv,hv
2018-03-29T18:18:22.760Z,39.6380005,-123.3978348,9.03,1.67,md,5,184,0.0211,0.02,nc,nc72991255,2018-03-29T20:52:03.445Z,"9km SE of Laytonville, CA",earthquake,0.94,0.73,0.04,5,automatic,nc,nc
2018-03-29T18:02:07.036Z,63.3395,-149.6745,95.4,1,ml,,,,0.49,ak,ak18821488,2018-03-29T18:17:05.899Z,"36km W of Cantwell, Alaska",earthquake,,0.6,,,automatic,ak,ak
2018-03-29T17:59:46.190Z,38.8131676,-122.814003,2.39,1.38,md,23,69,0.01066,0.04,nc,nc72991250,2018-03-29T20:26:04.308Z,"6km NW of The Geysers, CA",earthquake,0.28,0.37,0.08,6,automatic,nc,nc
2018-03-29T17:40:38.840Z,35.0488333,-118.3216667,-1.01,1.43,ml,18,54,0.06035,0.16,ci,ci37902255,2018-03-29T19:42:42.212Z,"13km W of Mojave, CA",quarry blast,0.26,31.61,0.11,21,reviewed,ci,ci
2018-03-29T17:39:17.039Z,61.6396,-148.148,29.9,1.1,ml,,,,0.66,ak,ak18821483,2018-03-29T17:42:59.397Z,"41km ESE of Sutton-Alpine, Alaska",earthquake,,0.2,,,automatic,ak,ak
2018-03-29T17:35:41.430Z,39.406,-110.3246667,-1.41,1.67,ml,6,193,0.01808,0.03,uu,uu60275607,2018-03-29T17:58:55.430Z,"17km SSE of East Carbon City, Utah",earthquake,1.23,0.4,0.128,3,reviewed,uu,uu
2018-03-29T17:20:48.910Z,11.648,125.5911,44.97,4.6,mb,,99,4.549,0.78,us,us1000dawa,2018-03-29T21:06:23.574Z,"14km ENE of Lalauigan, Philippines",earthquake,9.6,7.2,0.047,134,reviewed,us,us
2018-03-29T17:20:17.784Z,38.3547,-118.8912,8.1,1.1,ml,7,263.77,0.142,,nn,nn00628018,2018-03-29T18:11:37.511Z,"29km SW of Hawthorne, Nevada",earthquake,,,,,reviewed,nn,nn
2018-03-29T17:17:07.147Z,38.3559,-118.9063,7.4,1.3,ml,10,151.88,0.15,,nn,nn00628017,2018-03-29T18:08:31.286Z,"30km SW of Hawthorne, Nevada",earthquake,,,,,reviewed,nn,nn
2018-03-29T17:03:00.300Z,39.1876667,-111.52,1.94,1.44,md,10,93,0.09704,0.17,uu,uu60275602,2018-03-29T21:12:06.050Z,"13km SE of Manti, Utah",earthquake,0.54,10.26,0.347,9,reviewed,uu,uu
2018-03-29T17:00:54.510Z,64.9979,-147.3893,0,1.5,ml,,,,0.67,ak,ak18820403,2018-03-29T17:16:08.456Z,"23km NE of Fairbanks, Alaska",earthquake,,0.3,,,automatic,ak,ak
2018-03-29T16:50:58.720Z,18.0988,-67.0723,14,2.05,md,4,149,0.0781,0.23,pr,pr2018088002,2018-03-29T20:09:33.221Z,"1km NNE of Sabana Eneas, Puerto Rico",earthquake,1.83,2.76,0.07,4,reviewed,pr,pr
2018-03-29T16:49:37.940Z,33.4786667,-117.0126667,15.52,0.62,ml,18,48,0.0908,0.16,ci,ci37902247,2018-03-29T19:31:49.899Z,"13km E of Temecula, CA",earthquake,0.3,0.88,0.193,11,reviewed,ci,ci
2018-03-29T16:45:03.230Z,32.9601667,-115.5583333,9.81,1.3,ml,23,49,0.05857,0.22,ci,ci37902231,2018-03-29T19:29:17.484Z,"3km SW of Brawley, CA",earthquake,0.36,0.7,0.21,10,reviewed,ci,ci
2018-03-29T16:28:51.430Z,33.495,-116.4888333,14.29,0.93,ml,26,135,0.05987,0.17,ci,ci37902223,2018-03-29T18:12:48.490Z,"18km ESE of Anza, CA",earthquake,0.37,0.51,0.179,26,reviewed,ci,ci
2018-03-29T16:27:01.661Z,59.8123,-136.8405,0,1.9,ml,,,,0.48,ak,ak18820394,2018-03-29T16:41:42.906Z,"94km WNW of Skagway, Alaska",earthquake,,0.3,,,automatic,ak,ak
2018-03-29T16:06:54.340Z,39.403,-110.3025,-2.96,1.52,ml,9,200,0.0274,0.11,uu,uu60275597,2018-03-29T20:21:00.910Z,"18km SSE of East Carbon City, Utah",earthquake,1.12,1.66,0.115,3,reviewed,uu,uu
2018-03-29T16:06:44.670Z,-6.3281,143.1729,10,5,mb,,35,4.994,1.11,us,us1000dat7,2018-03-29T22:11:37.176Z,"55km WSW of Mendi, Papua New Guinea",earthquake,8.4,1.8,0.04,199,reviewed,us,us
2018-03-29T15:59:17.047Z,37.0686,-116.9362,5.6,-0.1,ml,6,198.93,0.118,,nn,nn00628168,2018-03-29T22:30:56.883Z,"23km NW of Beatty, Nevada",earthquake,,,,,reviewed,nn,nn
2018-03-29T15:52:47.750Z,38.8154984,-122.8030014,1.06,1.74,md,27,61,0.009628,0.05,nc,nc72991220,2018-03-29T16:47:03.637Z,"6km NW of The Geysers, CA",earthquake,0.19,0.31,0.02,7,automatic,nc,nc
2018-03-29T15:41:13.060Z,43.1083,145.7191,75.53,4.3,mb,,168,2.185,0.59,us,us1000dasl,2018-03-29T23:43:46.768Z,"26km SSE of Nemuro, Japan",earthquake,10.4,9.6,0.06,79,reviewed,us,us
2018-03-29T15:40:36.300Z,33.493,-116.776,7.53,0.32,ml,10,118,0.07911,0.13,ci,ci37902199,2018-03-29T15:51:52.560Z,"10km NE of Aguanga, CA",earthquake,0.39,1.04,0.036,7,reviewed,ci,ci
2018-03-29T15:30:41.700Z,47.5138333,-122.8686667,21.31,0.09,md,4,259,0.05839,0.03,uw,uw61358487,2018-03-29T17:49:29.940Z,"7km NNW of Belfair, Washington",earthquake,1.49,0.77,0.021,3,reviewed,uw,uw
2018-03-29T15:26:28.467Z,38.2671,-118.2678,0,0,ml,4,216.21,0.143,,nn,nn00628166,2018-03-29T22:24:41.633Z,"42km SE of Hawthorne, Nevada",earthquake,,,,,reviewed,nn,nn
2018-03-29T15:25:52.380Z,38.8251648,-122.8568344,1.99,1.23,md,18,67,0.002377,0.03,nc,nc72991210,2018-03-29T16:19:03.495Z,"10km WNW of The Geysers, CA",earthquake,0.24,0.41,0.11,6,automatic,nc,nc
2018-03-29T15:08:59.220Z,62.8941,-148.9726,65.2,1,ml,,,,0.45,ak,ak18819318,2018-03-29T15:15:33.825Z,"55km S of Cantwell, Alaska",earthquake,,0.6,,,automatic,ak,ak
2018-03-29T14:53:49.030Z,39.3975,-110.2935,-3.35,1.71,md,6,204,0.03612,0.14,uu,uu60275592,2018-03-29T20:22:35.960Z,"19km SSE of East Carbon City, Utah",earthquake,2.58,3.58,0.22,5,reviewed,uu,uu
2018-03-29T14:38:13.850Z,56.5754,-148.6193,19.6,3.1,ml,,198,2.474,0.71,us,us1000daru,2018-03-29T16:17:31.040Z,"265km ESE of Kodiak, Alaska",earthquake,6.5,9.3,0.046,62,reviewed,us,us
2018-03-29T14:28:11.569Z,60.204,-141.3526,13,1.1,ml,,,,1.09,ak,ak18819311,2018-03-29T14:36:55.809Z,"61km ENE of Cape Yakataga, Alaska",earthquake,,1,,,automatic,ak,ak
2018-03-29T14:27:37.960Z,47.8188333,-123.115,9.69,0.29,ml,3,286,0.1374,0.36,uw,uw61358467,2018-03-29T17:40:38.710Z,"29km S of Sequim, Washington",earthquake,13.44,26.22,0.084,2,reviewed,uw,uw
2018-03-29T14:16:44.640Z,35.482,-120.0385,1.13,1.18,ml,13,124,0.171,0.21,ci,ci37902159,2018-03-29T19:24:14.199Z,"15km NNW of Simmler, CA",earthquake,0.48,1.24,0.121,6,reviewed,ci,ci
2018-03-29T14:13:13.960Z,38.8393326,-122.8388367,1.71,0.57,md,8,124,0.002719,0.01,nc,nc72991190,2018-03-29T15:28:02.227Z,"10km NW of The Geysers, CA",earthquake,0.36,0.81,0.49,2,automatic,nc,nc
2018-03-29T14:08:37.220Z,32.0046,48.755,35,4.1,mb,,113,4.006,1.44,us,us1000darl,2018-03-29T16:06:35.040Z,"10km WSW of Shushtar, Iran",earthquake,9.7,2,0.107,24,reviewed,us,us
2018-03-29T14:05:59.160Z,41.9216,142.2546,65.56,4.4,mb,,114,0.679,1.19,us,us1000dare,2018-03-29T15:46:42.040Z,"46km SSW of Shizunai, Japan",earthquake,7,8.9,0.075,51,reviewed,us,us
2018-03-29T14:02:32.620Z,19.9468333,-155.4675,32.75,2.88,ml,21,136,0.1337,0.1,hv,hv70065071,2018-03-29T21:52:24.664Z,"15km SSE of Honoka'a, Hawaii",earthquake,0.51,1.11,0.165,23,reviewed,hv,hv
2018-03-29T13:59:23.490Z,33.4903333,-116.7895,3.95,0.01,ml,17,96,0.08664,0.11,ci,ci37902127,2018-03-29T18:29:35.510Z,"9km NE of Aguanga, CA",earthquake,0.2,0.49,0.115,6,reviewed,ci,ci
2018-03-29T13:57:15.650Z,38.8170013,-122.8003311,3.3,1.05,md,20,72,0.009838,0.02,nc,nc72991185,2018-03-29T15:00:05.068Z,"6km NW of The Geysers, CA",earthquake,0.29,0.64,0.07,4,automatic,nc,nc
2018-03-29T13:39:48.960Z,44.0638333,-110.6113333,8.89,0.2,md,7,144,0.06615,0.11,uu,uu60275587,2018-03-29T20:25:43.150Z,"47km SSE of Old Faithful Geyser, Wyoming",earthquake,0.57,1.18,0.234,3,reviewed,uu,uu
2018-03-29T13:39:42.370Z,38.8018341,-122.7771683,1.19,0.72,md,11,97,0.01173,0.02,nc,nc72991180,2018-03-29T14:31:02.753Z,"3km NNW of The Geysers, CA",earthquake,0.26,0.52,0.15,3,automatic,nc,nc
2018-03-29T13:37:56.440Z,32.5773333,-115.6705,9.71,1.25,ml,17,147,0.0859,0.14,ci,ci37902119,2018-03-29T19:19:26.985Z,"8km W of Progreso, B.C., MX",earthquake,0.34,0.48,0.19,10,reviewed,ci,ci
2018-03-29T13:36:10.860Z,33.7415,-117.4973333,10.55,1.58,ml,56,73,0.02536,0.23,ci,ci37902111,2018-03-29T14:02:22.020Z,"12km NE of Trabuco Canyon, CA",earthquake,0.32,0.41,0.277,30,reviewed,ci,ci
2018-03-29T13:27:25.855Z,61.2856,-147.7775,16.5,1.3,ml,,,,0.92,ak,ak18819300,2018-03-29T13:34:42.778Z,"72km ESE of Butte, Alaska",earthquake,,0.5,,,automatic,ak,ak
2018-03-29T13:10:49.101Z,38.6954,-119.2154,6.2,1.2,ml,13,94.03,0.259,0.1242,nn,nn00627996,2018-03-29T17:31:34.284Z,"14km SE of Smith Valley, Nevada",earthquake,,4.2,0.47,6,reviewed,nn,nn
2018-03-29T13:03:22.660Z,46.1165,-111.393,11.21,0.62,md,7,123,0.132,0.08,mb,mb80287449,2018-03-29T14:59:19.120Z,"24km SSE of Townsend, Montana",earthquake,0.53,1.6,0.286,6,reviewed,mb,mb
2018-03-29T12:55:46.790Z,39.2488327,-122.7578354,-0.05,2.01,md,9,64,0.1353,0.09,nc,nc72991165,2018-03-29T13:34:02.451Z,"16km NNE of Nice, CA",earthquake,0.4,9.86,0.2,5,automatic,nc,nc
2018-03-29T12:53:31.116Z,62.8861,-149.5978,54.3,1.7,ml,,,,0.75,ak,ak18819292,2018-03-29T13:04:08.534Z,"65km SSW of Cantwell, Alaska",earthquake,,0.9,,,automatic,ak,ak
2018-03-29T12:43:39.335Z,39.3256,-120.141,0,-0.3,ml,3,211.76,0.088,,nn,nn00628159,2018-03-29T22:06:09.376Z,"3km E of Truckee, California",earthquake,,,,,reviewed,nn,nn
2018-03-29T12:42:26.250Z,33.5003333,-116.7875,5.59,0.11,ml,15,105,0.07726,0.07,ci,ci37902079,2018-03-29T19:15:24.283Z,"10km NE of Aguanga, CA",earthquake,0.18,0.61,0.046,3,reviewed,ci,ci
2018-03-29T12:24:37.190Z,37.6338333,-119.054,-0.75,0.33,md,9,80,0.02019,0.03,nc,nc72991155,2018-03-29T18:12:02.556Z,"7km W of Mammoth Lakes, CA",earthquake,0.21,0.52,0.21,8,reviewed,nc,nc
2018-03-29T12:23:51.750Z,42.5293333,-111.4263333,6.09,1.67,md,7,219,0.06738,0.12,uu,uu60275582,2018-03-29T20:30:54.230Z,"20km SE of Soda Springs, Idaho",earthquake,0.97,0.95,0.296,3,reviewed,uu,uu
2018-03-29T12:21:26.196Z,63.3656,-149.8245,95.3,1.8,ml,,,,0.45,ak,ak18819284,2018-03-29T12:35:49.037Z,"43km W of Cantwell, Alaska",earthquake,,0.6,,,automatic,ak,ak
2018-03-29T12:10:21.864Z,39.419,-119.8439,5.7,-0.1,ml,3,251.64,0.195,,nn,nn00628148,2018-03-29T21:56:43.738Z,"12km SSW of Reno, Nevada",earthquake,,,,,reviewed,nn,nn
2018-03-29T12:07:44.640Z,33.6541667,-116.7345,13.73,0.57,ml,23,60,0.05272,0.14,ci,ci37183412,2018-03-29T19:42:58.741Z,"10km S of Idyllwild, CA",earthquake,0.31,0.5,0.108,8,reviewed,ci,ci
2018-03-29T12:07:36.970Z,33.6536667,-116.737,13.6,0.73,ml,43,56,0.05486,0.14,ci,ci37902071,2018-03-29T19:44:16.990Z,"10km S of Idyllwild, CA",earthquake,0.17,0.28,0.202,18,reviewed,ci,ci
2018-03-29T12:06:17.200Z,38.8103333,-122.8148346,2.04,1.35,md,24,73,0.0113,0.04,nc,nc72991145,2018-03-29T13:19:03.367Z,"6km NW of The Geysers, CA",earthquake,0.22,0.36,0.23,6,automatic,nc,nc
2018-03-29T11:48:27.908Z,39.3432,-120.0242,2.8,0.2,ml,4,160.19,0.051,,nn,nn00628138,2018-03-29T21:53:35.815Z,"11km NNW of Incline Village, Nevada",earthquake,,,,,reviewed,nn,nn
2018-03-29T11:13:08.740Z,-15.2476,167.4279,133.76,4.8,mb,,57,5.502,1.25,us,us1000dapj,2018-03-29T11:34:00.040Z,"42km NE of Luganville, Vanuatu",earthquake,9.1,6.7,0.067,70,reviewed,us,us
2018-03-29T10:54:23.746Z,36.8286,-117.4886,0,0.1,ml,5,238.74,0.394,,nn,nn00628102,2018-03-29T21:22:19.660Z,"56km ENE of Lone Pine, California",earthquake,,,,,reviewed,nn,nn
2018-03-29T10:53:52.780Z,19.4318333,-155.6045074,-2.39,1.77,md,20,44,0.04103,0.37,hv,hv70065026,2018-03-29T10:57:06.250Z,"27km E of Honaunau-Napoopoo, Hawaii",earthquake,0.5,0.7,0.17,8,automatic,hv,hv
2018-03-29T10:51:20.985Z,37.0872,-116.9447,4.1,-0.2,ml,5,218.61,0.128,,nn,nn00628101,2018-03-29T21:16:09.009Z,"25km NW of Beatty, Nevada",earthquake,,,,,reviewed,nn,nn
2018-03-29T10:50:47.130Z,33.4938333,-116.7868333,6.6,0.13,ml,27,67,0.0825,0.12,ci,ci37902047,2018-03-29T16:14:13.496Z,"9km NE of Aguanga, CA",earthquake,0.17,0.44,0.075,4,reviewed,ci,ci
2018-03-29T10:45:58.640Z,19.3746662,-155.2263336,2.24,2.02,ml,35,85,0.01027,0.23,hv,hv70065021,2018-03-29T10:51:41.090Z,"6km S of Volcano, Hawaii",earthquake,0.38,0.33,0.09,6,automatic,hv,hv
2018-03-29T10:38:36.720Z,33.9825,-116.5528333,9.13,0.74,ml,48,71,0.05089,0.14,ci,ci37902039,2018-03-29T15:51:18.807Z,"5km WNW of Desert Hot Springs, CA",earthquake,0.15,0.38,0.158,20,reviewed,ci,ci
2018-03-29T10:27:43.607Z,56.5456,-148.5783,10,2.6,ml,,,,0.98,ak,ak18817149,2018-03-29T22:57:19.215Z,"269km ESE of Kodiak, Alaska",earthquake,,0,,,reviewed,ak,ak
2018-03-29T10:16:42.880Z,46.2656667,-119.2641667,0.57,0.91,ml,13,170,0.09802,0.19,uw,uw61358432,2018-03-29T17:23:04.280Z,"2km SE of Richland, Washington",earthquake,0.6,13.27,0.09,7,reviewed,uw,uw
2018-03-29T10:14:48.330Z,38.8203316,-122.8088303,2.38,1.47,md,28,58,0.00321,0.04,nc,nc72991140,2018-03-29T12:51:03.214Z,"7km NW of The Geysers, CA",earthquake,0.22,0.4,0.06,6,automatic,nc,nc
2018-03-29T10:10:27.280Z,35.5561667,-118.5286667,1.84,0.96,ml,12,150,0.1153,0.14,ci,ci37902031,2018-03-29T13:19:10.287Z,"5km SW of Bodfish, CA",earthquake,0.45,0.68,0.151,9,reviewed,ci,ci
2018-03-29T10:00:18.480Z,38.8175011,-122.7818298,0.34,0.88,md,7,110,0.004329,0.03,nc,nc72991135,2018-03-29T10:14:02.716Z,"5km NNW of The Geysers, CA",earthquake,0.54,0.36,,3,automatic,nc,nc
2018-03-29T09:59:30.200Z,33.5056667,-116.7931667,6.67,0.22,ml,32,36,0.07567,0.13,ci,ci37902023,2018-03-29T15:12:14.548Z,"10km NE of Aguanga, CA",earthquake,0.14,0.41,0.055,8,reviewed,ci,ci
2018-03-29T09:58:01.460Z,39.3785,-119.7517,5.4,0.4,ml,6,173.83,0.015,,nn,nn00628189,2018-03-30T00:00:26.665Z,"11km NW of Virginia City, Nevada",earthquake,,,,,reviewed,nn,nn
2018-03-29T09:57:39.280Z,38.4166667,-111.6531667,1.4,2.39,ml,18,72,0.3566,0.12,uu,uu60275577,2018-03-29T20:46:45.273Z,"1km NNW of Loa, Utah",earthquake,0.27,3.05,0.151,13,reviewed,uu,uu
2018-03-29T09:57:29.822Z,38.4236,-118.8897,13.5,0.5,ml,4,294.85,0.348,,nn,nn00628184,2018-03-29T23:57:17.301Z,"25km WSW of Hawthorne, Nevada",earthquake,,,,,reviewed,nn,nn
2018-03-29T09:56:52.670Z,33.2835,-116.359,11.98,0.73,ml,22,84,0.05106,0.16,ci,ci37902015,2018-03-29T13:19:33.975Z,"3km NNE of Borrego Springs, CA",earthquake,0.36,0.57,0.194,14,reviewed,ci,ci
2018-03-29T09:51:01.480Z,38.4461667,-112.4786667,4.43,1.83,ml,19,78,0.1649,0.2,uu,uu60275572,2018-03-29T17:08:29.830Z,"23km NE of Beaver, Utah",earthquake,0.44,2.01,0.372,6,reviewed,uu,uu
2018-03-29T09:42:16.880Z,38.4083333,-111.6575,10.87,1.74,ml,13,75,0.3543,0.1,uu,uu60275567,2018-03-29T20:44:16.010Z,"1km WNW of Loa, Utah",earthquake,0.32,3.22,0.129,3,reviewed,uu,uu
2018-03-29T09:38:41.960Z,44.7613333,-111.5283333,11.13,1.49,ml,22,67,0.099,0.21,mb,mb80287434,2018-03-29T14:43:31.800Z,"35km WNW of West Yellowstone, Montana",earthquake,0.46,0.68,0.478,5,reviewed,mb,mb
2018-03-29T09:36:14.548Z,38.5026,-118.3254,4.3,-0.1,ml,3,227.29,0.068,,nn,nn00628183,2018-03-29T23:51:06.177Z,"26km E of Hawthorne, Nevada",earthquake,,,,,reviewed,nn,nn
2018-03-29T09:22:22.990Z,46.2796667,-119.2388333,0.18,0.92,ml,11,278,0.1398,0.12,uw,uw61358422,2018-03-29T19:05:32.150Z,"3km E of Richland, Washington",earthquake,0.69,13.2,0.077,8,reviewed,uw,uw
2018-03-29T09:04:49.630Z,44.7705,-111.244,7.87,0.36,md,7,140,0.03934,0.06,uu,uu60275557,2018-03-29T20:48:55.410Z,"16km NW of West Yellowstone, Montana",earthquake,0.49,0.56,0.229,4,reviewed,uu,uu
2018-03-29T08:50:05.830Z,33.266,-116.103,4.43,0.77,ml,44,138,0.1227,0.23,ci,ci37901991,2018-03-29T15:07:40.802Z,"14km N of Ocotillo Wells, CA",earthquake,0.34,0.91,0.17,14,reviewed,ci,ci
2018-03-29T08:48:50.030Z,18.632,-66.8501,68,2.37,md,8,274,0.3011,0.47,pr,pr2018088001,2018-03-29T15:00:47.670Z,"16km N of Hatillo, Puerto Rico",earthquake,3.79,3.08,0.27,7,reviewed,pr,pr
2018-03-29T08:47:40.581Z,60.2599,-150.0437,19.7,1.3,ml,,,,0.57,ak,ak18816085,2018-03-29T08:52:07.157Z,"37km WNW of Seward, Alaska",earthquake,,0.2,,,automatic,ak,ak
2018-03-29T08:40:55.166Z,64.9379,-147.317,0.3,0.1,ml,,,,0.36,ak,ak18816084,2018-03-29T22:50:49.855Z,"18km NNE of Badger, Alaska",earthquake,,10.2,,,reviewed,ak,ak
2018-03-29T08:37:59.680Z,67.3657,-168.7915,10,2.5,ml,,267,2.347,0.29,us,us1000dana,2018-03-29T09:09:06.040Z,"139km SW of Point Hope, Alaska",earthquake,10.1,2,0.074,24,reviewed,us,us
2018-03-29T08:27:52.030Z,32.9021667,-115.5083333,8.65,1.63,ml,33,72,0.04407,0.23,ci,ci37901975,2018-03-29T15:01:21.870Z,"8km NE of Imperial, CA",earthquake,0.3,0.59,0.274,32,reviewed,ci,ci
2018-03-29T08:25:50.630Z,60.027,-149.4256,16.3,1.6,ml,,,,0.83,ak,ak18816073,2018-03-29T08:29:02.101Z,"8km S of Seward, Alaska",earthquake,,0.2,,,automatic,ak,ak
2018-03-29T08:16:52.340Z,33.6795,-116.7773333,13.53,0.79,ml,34,58,0.06141,0.17,ci,ci37901967,2018-03-29T13:20:40.470Z,"9km SW of Idyllwild, CA",earthquake,0.3,0.47,0.164,23,reviewed,ci,ci
2018-03-29T08:12:22.283Z,61.2363,-150.9187,62.3,1.1,ml,,,,0.42,ak,ak18816067,2018-03-29T08:16:52.221Z,"54km W of Anchorage, Alaska",earthquake,,0.8,,,automatic,ak,ak
2018-03-29T08:01:59.030Z,35.5229988,-120.0664978,12.08,1.79,md,14,148,0.05671,0.12,nc,nc72991130,2018-03-29T11:15:04.679Z,"20km NNW of Simmler, CA",earthquake,0.83,1.03,0.23,5,automatic,nc,nc
2018-03-29T07:59:18.189Z,62.6231,-151.7103,95.8,1.6,ml,,,,0.49,ak,ak18816064,2018-03-29T08:01:57.369Z,"89km WNW of Talkeetna, Alaska",earthquake,,1,,,automatic,ak,ak
2018-03-29T07:51:47.640Z,38.7963333,-122.7243347,1.64,1.2,md,13,63,0.007403,0.03,nc,nc72991125,2018-03-29T10:34:03.449Z,"3km S of Cobb, CA",earthquake,0.25,0.65,0.09,6,automatic,nc,nc
2018-03-29T07:47:40.650Z,33.4896667,-116.7915,4.29,0.24,ml,25,83,0.08806,0.09,ci,ci37901951,2018-03-29T18:16:51.180Z,"9km NE of Aguanga, CA",earthquake,0.15,0.33,0.023,5,reviewed,ci,ci
2018-03-29T07:43:42.840Z,34.305,-116.8588333,2.89,1.05,ml,46,42,0.05016,0.19,ci,ci37901943,2018-03-29T13:20:44.300Z,"5km NNW of Big Bear City, CA",earthquake,0.27,0.75,0.224,26,reviewed,ci,ci
2018-03-29T07:42:11.093Z,63.1492,-150.2592,105.1,1.4,ml,,,,0.33,ak,ak18816046,2018-03-29T07:49:14.638Z,"71km WSW of Cantwell, Alaska",earthquake,,1,,,automatic,ak,ak
2018-03-29T07:41:49.210Z,18.9905,-68.0658,19,1.97,md,4,217,0.5716,0.5,pr,pr2018088000,2018-03-29T14:59:57.351Z,"57km NE of Punta Cana, Dominican Republic",earthquake,3.44,9.09,0.5,2,reviewed,pr,pr
2018-03-29T07:39:27.052Z,61.6937,-150.7741,53.2,1.3,ml,,,,0.35,ak,ak18816045,2018-03-29T07:43:58.472Z,"39km W of Willow, Alaska",earthquake,,0.6,,,automatic,ak,ak
2018-03-29T07:37:12.263Z,38.3419,-118.9251,7.5,2,ml,23,65.7,0.17,0.1453,nn,nn00627984,2018-03-29T22:28:03.260Z,"28km ENE of Bridgeport, California",earthquake,,1.6,0.3,11,reviewed,nn,nn
2018-03-29T07:32:09.440Z,35.9388333,-117.6541667,3.44,0.24,ml,11,61,0.009555,0.08,ci,ci37901935,2018-03-29T18:05:52.419Z,"23km E of Little Lake, CA",earthquake,0.17,0.34,0.157,5,reviewed,ci,ci
2018-03-29T07:31:20.780Z,46.8678333,-112.5298333,10.82,0.41,md,10,102,0.182,0.16,mb,mb80287439,2018-03-29T14:51:42.790Z,"15km SE of Lincoln, Montana",earthquake,0.53,0.81,0.486,6,reviewed,mb,mb
2018-03-29T07:30:59.290Z,-5.3742,150.8153,130.7,5,mww,,45,4.774,0.78,us,us1000damk,2018-03-29T07:49:47.040Z,"77km ENE of Kimbe, Papua New Guinea",earthquake,8.2,4.4,0.066,22,reviewed,us,us
2018-03-29T07:29:33.303Z,40.2815,-121.0662,8,1.1,ml,8,186.22,0.274,0.0814,nn,nn00627983,2018-03-29T17:00:20.262Z,"5km WSW of Westwood, California",earthquake,,5.4,0.09,2,reviewed,nn,nn
2018-03-29T07:29:00.747Z,62.03,-150.7314,0.6,1.3,ml,,,,0.69,ak,ak18814984,2018-03-29T07:36:59.060Z,"46km SW of Talkeetna, Alaska",earthquake,,0.4,,,automatic,ak,ak
2018-03-29T07:25:16.610Z,45.3295,-112.6101667,5.98,0.4,md,5,161,0.414,0.02,mb,mb80287454,2018-03-29T15:03:30.750Z,"12km N of Dillon, Montana",earthquake,0.41,6.31,0.154,4,reviewed,mb,mb
2018-03-29T07:15:45.280Z,34.3058333,-116.8556667,3.35,1.31,ml,49,40,0.04812,0.17,ci,ci37901927,2018-03-29T13:21:48.940Z,"5km N of Big Bear City, CA",earthquake,0.24,0.62,0.19,28,reviewed,ci,ci
2018-03-29T07:15:27.900Z,46.2551667,-119.2815,6.02,0.44,ml,6,277,0.1717,0.17,uw,uw61358412,2018-03-29T18:02:53.970Z,"3km S of Richland, Washington",earthquake,1.38,0.88,0.051,4,reviewed,uw,uw
2018-03-29T07:10:49.300Z,34.3056667,-116.8601667,4.56,1.82,ml,69,38,0.05018,0.15,ci,ci37901919,2018-03-29T13:21:52.150Z,"5km NNW of Big Bear City, CA",earthquake,0.17,0.46,0.181,28,reviewed,ci,ci
2018-03-29T07:09:59.020Z,37.5875,-118.858,3.34,0.44,md,16,191,0.02309,0.08,nc,nc72991110,2018-03-29T19:31:02.993Z,"12km ESE of Mammoth Lakes, CA",earthquake,0.51,0.43,0.236,13,reviewed,nc,nc
2018-03-29T07:03:28.526Z,62.6201,-149.3294,72.4,1.1,ml,,,,0.26,ak,ak18814982,2018-03-29T07:11:10.310Z,"52km NE of Talkeetna, Alaska",earthquake,,1,,,automatic,ak,ak
2018-03-29T06:53:17.950Z,33.4933333,-116.7893333,6.17,1.1,ml,48,34,0.084,0.19,ci,ci37901911,2018-03-29T13:21:56.480Z,"9km NE of Aguanga, CA",earthquake,0.17,0.62,0.091,25,reviewed,ci,ci
2018-03-29T06:53:04.570Z,34.0175,-117.2203333,12.73,0.53,ml,11,158,0.0988,0.1,ci,ci37901903,2018-03-29T17:47:28.647Z,"5km SE of Loma Linda, CA",earthquake,0.35,0.62,0.109,9,reviewed,ci,ci
2018-03-29T06:51:50.900Z,19.0948333,-155.4451667,26.87,1.69,md,27,194,0.06235,0.11,hv,hv70064946,2018-03-29T19:43:20.120Z,"12km SSE of Pahala, Hawaii",earthquake,0.73,1.13,0.11,16,reviewed,hv,hv
2018-03-29T06:46:31.625Z,60.2052,-151.8468,58.3,1.3,ml,,,,0.25,ak,ak18814978,2018-03-29T06:51:36.129Z,"35km WSW of Cohoe, Alaska",earthquake,,1.9,,,automatic,ak,ak
2018-03-29T06:21:17.273Z,53.046,-166.6049,24,1.4,ml,,,,0.33,ak,ak18813919,2018-03-29T22:37:59.211Z,"92km S of Unalaska, Alaska",earthquake,,5.5,,,reviewed,ak,ak
2018-03-29T06:10:27.300Z,41.6973333,-112.6285,-2.99,1.09,md,9,149,0.1325,0.15,uu,uu60275547,2018-03-29T17:34:13.400Z,"38km W of Tremonton, Utah",earthquake,0.75,4.37,0.183,6,reviewed,uu,uu
2018-03-29T05:52:21.644Z,41.8273,-119.6444,6.2,2.5,ml,7,145.06,0.663,,nn,nn00628167,2018-03-29T23:35:41.898Z,"70km SE of Lakeview, Oregon",earthquake,,,,,reviewed,nn,nn
2018-03-29T05:47:47.217Z,63.2276,-151.0045,154.1,1.4,ml,,,,0.64,ak,ak18813908,2018-03-29T05:53:12.037Z,"104km W of Cantwell, Alaska",earthquake,,2.8,,,automatic,ak,ak
2018-03-29T05:45:46.935Z,59.3076,-137.7478,2.1,1.8,ml,,,,0.76,ak,ak18813906,2018-03-29T05:49:43.660Z,"115km ESE of Yakutat, Alaska",earthquake,,0.3,,,automatic,ak,ak
2018-03-29T05:44:52.820Z,19.1961667,-155.4101667,32.77,1.76,md,24,165,0.04283,0.12,hv,hv70064906,2018-03-29T19:58:31.570Z,"7km E of Pahala, Hawaii",earthquake,0.68,0.95,0.125,15,reviewed,hv,hv
2018-03-29T05:18:26.350Z,37.4153333,-118.5716667,10.57,1.05,md,14,80,0.06242,0.04,nc,nc72991100,2018-03-29T17:50:02.453Z,"2km E of Round Valley, CA",earthquake,0.47,0.77,0.359,13,reviewed,nc,nc
2018-03-29T05:15:46.691Z,62.0168,-148.959,35.6,1.2,ml,,,,1.01,ak,ak18812852,2018-03-29T05:19:24.818Z,"25km NNW of Sutton-Alpine, Alaska",earthquake,,0.9,,,automatic,ak,ak
2018-03-29T04:51:18.188Z,37.206,-117.3782,4.7,0,ml,6,179.28,0.21,0.1086,nn,nn00628164,2018-03-29T22:16:07.914Z,"57km SSW of Goldfield, Nevada",earthquake,,8.4,0.48,5,reviewed,nn,nn
2018-03-29T04:50:05.382Z,60.5051,-143.0323,0,1.3,ml,,,,0.54,ak,ak18812845,2018-03-29T04:59:30.861Z,"59km NW of Cape Yakataga, Alaska",earthquake,,0.5,,,automatic,ak,ak
2018-03-29T04:49:34.730Z,33.4745,-116.4436667,8.75,0.36,ml,27,95,0.05103,0.2,ci,ci37901895,2018-03-29T14:52:46.219Z,"23km ESE of Anza, CA",earthquake,0.3,0.76,0.146,6,reviewed,ci,ci
2018-03-29T04:48:03.981Z,61.3456,-139.9307,9.5,1.2,ml,,,,0.18,ak,ak18812841,2018-03-29T04:53:05.781Z,"146km WNW of Haines Junction, Canada",earthquake,,0.3,,,automatic,ak,ak
2018-03-29T04:44:37.500Z,35.9326667,-117.6536667,2.76,0.64,ml,11,73,0.01543,0.08,ci,ci37901887,2018-03-29T13:20:57.076Z,"23km E of Little Lake, CA",earthquake,0.21,0.16,0.159,6,reviewed,ci,ci
2018-03-29T04:37:55.162Z,59.1245,-136.2968,1.2,2.2,ml,,,,0.54,ak,ak18812834,2018-03-29T04:45:16.116Z,"50km WSW of Haines, Alaska",earthquake,,0.3,,,automatic,ak,ak
2018-03-29T04:37:47.214Z,66.2799,-146.8354,16.4,1.3,ml,,,,0.74,ak,ak18812837,2018-03-29T04:47:00.312Z,"76km WSW of Fort Yukon, Alaska",earthquake,,1.7,,,automatic,ak,ak
2018-03-29T04:27:57.500Z,38.8253326,-122.8566666,1.08,0.57,md,7,131,0.01737,0.03,nc,nc72991095,2018-03-29T04:43:02.923Z,"10km WNW of The Geysers, CA",earthquake,0.82,1.88,0.02,2,automatic,nc,nc
2018-03-29T04:24:14.974Z,37.1547,-118.0189,8.4,0.9,ml,12,120.51,0.196,0.1628,nn,nn00628005,2018-03-29T16:47:59.397Z,"24km E of Big Pine, California",earthquake,,2.8,0.2,8,reviewed,nn,nn
2018-03-29T04:16:53.180Z,33.4935,-116.4221667,7.98,0.46,ml,31,101,0.02997,0.13,ci,ci37901879,2018-03-29T14:47:26.555Z,"22km SSW of La Quinta, CA",earthquake,0.2,0.51,0.082,11,reviewed,ci,ci
2018-03-29T04:06:20.570Z,38.8241653,-122.8093338,1.42,1.31,md,18,59,0.0009623,0.04,nc,nc72991090,2018-03-29T07:31:02.829Z,"7km NW of The Geysers, CA",earthquake,0.22,0.37,0.18,6,automatic,nc,nc
2018-03-29T04:01:02.427Z,36.3278,-115.9644,6.1,0.7,ml,9,255.91,0.285,,nn,nn00628137,2018-03-29T23:20:16.650Z,"13km N of Pahrump, Nevada",earthquake,,,,,reviewed,nn,nn
2018-03-29T03:53:46.550Z,19.0996667,-155.4091667,38.19,1.84,md,35,190,0.07471,0.12,hv,hv70064826,2018-03-29T19:35:07.780Z,"13km SSE of Pahala, Hawaii",earthquake,0.9,1.61,0.063,15,reviewed,hv,hv
2018-03-29T03:52:46.590Z,33.4858333,-116.7878333,4.42,1.41,ml,56,37,0.08989,0.2,ci,ci37901863,2018-03-29T13:22:59.830Z,"9km NE of Aguanga, CA",earthquake,0.18,0.51,0.123,26,reviewed,ci,ci
2018-03-29T03:34:27.810Z,47.3263333,-123.3568333,17.97,1.16,ml,12,78,0.01088,0.12,uw,uw61358327,2018-03-29T19:23:33.070Z,"22km WNW of Shelton, Washington",earthquake,0.26,0.87,0.184,9,reviewed,uw,uw
2018-03-29T03:31:03.960Z,39.4001667,-110.3033333,-2.58,1.91,ml,12,200,0.02925,0.17,uu,uu60275542,2018-03-29T17:37:51.310Z,"18km SSE of East Carbon City, Utah",earthquake,0.95,1.78,0.151,5,reviewed,uu,uu
2018-03-29T03:29:17.330Z,38.8206673,-122.8423309,1.6,1.34,md,19,71,0.01327,0.03,nc,nc72991080,2018-03-29T07:02:02.652Z,"9km WNW of The Geysers, CA",earthquake,0.19,0.5,0.12,6,automatic,nc,nc
2018-03-29T03:26:55.343Z,39.3374,-119.9056,9.5,0.5,ml,10,78.29,0.111,0.1289,nn,nn00628110,2018-03-29T21:41:09.649Z,"11km NNE of Incline Village, Nevada",earthquake,,2,0.4,6,reviewed,nn,nn
2018-03-29T03:17:12.163Z,60.4368,-152.3016,112.6,1.8,ml,,,,1.63,ak,ak18811758,2018-03-29T22:13:08.640Z,"24km ESE of Redoubt Volcano, Alaska",earthquake,,2.5,,,reviewed,ak,ak
2018-03-29T03:12:35.657Z,63.3597,-145.0915,0,1.8,ml,,,,0.72,ak,ak18811755,2018-03-29T03:19:24.381Z,"57km S of Deltana, Alaska",earthquake,,0.3,,,automatic,ak,ak
2018-03-29T03:11:16.910Z,45.5521,-67.3784,5,2.4,mb_lg,,52,0.375,0.48,us,us1000dalq,2018-03-30T00:08:02.040Z,"41km N of Calais, Maine",earthquake,2.1,2,0.228,5,reviewed,us,us
2018-03-29T03:08:11.330Z,19.1111667,-155.4741667,29.54,1.7,md,28,228,0.04546,0.18,hv,hv70064751,2018-03-29T19:32:24.920Z,"10km S of Pahala, Hawaii",earthquake,1.97,1.05,0.053,16,reviewed,hv,hv
2018-03-29T03:07:13.986Z,38.0115,-118.0849,0,1,ml,12,129.04,0.408,0.15,nn,nn00627972,2018-03-29T16:17:04.081Z,"73km SE of Hawthorne, Nevada",earthquake,,5.1,0.08,5,reviewed,nn,nn
2018-03-29T03:07:05.365Z,56.2542,-153.4105,10.8,3.1,ml,,,,0.36,ak,ak18811753,2018-03-29T03:14:21.273Z,"145km ENE of Chirikof Island, Alaska",earthquake,,0.7,,,automatic,ak,ak
2018-03-29T02:59:07.080Z,45.7063333,-112.2356667,5.93,-0.33,md,4,185,0.19,0.1,mb,mb80287459,2018-03-29T15:06:33.170Z,"21km SSW of Whitehall, Montana",earthquake,0.97,6.57,0.003,2,reviewed,mb,mb
2018-03-29T02:28:23.880Z,36.9864998,-121.6488342,4.64,1.99,md,27,41,0.05639,0.06,nc,nc72991070,2018-03-29T06:34:03.506Z,"8km WSW of Gilroy, CA",earthquake,0.2,0.45,0.13,25,automatic,nc,nc
2018-03-29T02:22:59.933Z,58.2015,-155.4692,4.3,-0.3,ml,,,,0.51,ak,ak18810700,2018-03-29T18:49:59.251Z,"88km SE of King Salmon, Alaska",earthquake,,0.4,,,reviewed,ak,ak
2018-03-29T02:19:40.630Z,32.9141667,-115.2113333,5.05,1.26,ml,7,131,0.08965,0.25,ci,ci37183404,2018-03-29T14:33:49.002Z,"20km NE of Holtville, CA",earthquake,0.87,1.86,0.374,4,reviewed,ci,ci
2018-03-29T02:19:23.860Z,32.6278333,-115.7381667,5.12,1.28,ml,20,119,0.02363,0.19,ci,ci37901815,2018-03-29T14:28:16.946Z,"15km WNW of Progreso, B.C., MX",earthquake,0.36,0.4,0.246,12,reviewed,ci,ci
2018-03-29T02:18:39.720Z,47.3226667,-123.3566667,10.33,0.93,ml,8,136,0.008913,0.18,uw,uw61358312,2018-03-29T19:52:27.100Z,"22km WNW of Shelton, Washington",earthquake,0.47,1.26,0.132,4,reviewed,uw,uw
2018-03-29T02:10:13.720Z,33.0523333,-115.8981667,5.23,1.1,ml,26,58,0.09005,0.18,ci,ci37901799,2018-03-29T02:27:56.925Z,"24km ESE of Ocotillo Wells, CA",earthquake,0.26,0.74,0.154,22,reviewed,ci,ci
2018-03-29T02:02:11.327Z,62.0286,-150.7351,0,1.4,ml,,,,0.5,ak,ak18810686,2018-03-29T02:10:42.130Z,"46km SW of Talkeetna, Alaska",earthquake,,0.3,,,automatic,ak,ak
2018-03-29T01:58:16.570Z,38.8028336,-122.776001,1.36,0.49,md,7,94,0.01103,0.01,nc,nc72991060,2018-03-29T01:59:51.840Z,"3km NNW of The Geysers, CA",earthquake,0.29,1.06,0.06,3,automatic,nc,nc
2018-03-29T01:54:39.560Z,38.8040009,-122.769165,0.85,0.77,md,7,127,0.0129,0.01,nc,nc72991055,2018-03-29T01:56:16.650Z,"3km NNW of The Geysers, CA",earthquake,0.42,1.23,0.21,2,automatic,nc,nc
2018-03-29T01:52:49.783Z,61.5864,-148.0152,0,1.4,ml,,,,0.62,ak,ak18810683,2018-03-29T01:57:14.152Z,"49km E of Lazy Mountain, Alaska",earthquake,,0.6,,,automatic,ak,ak
2018-03-29T01:46:05.050Z,45.7645,-111.9025,5,0.58,md,6,94,0.075,0.22,mb,mb80287424,2018-03-29T14:09:52.320Z,"19km SE of Whitehall, Montana",earthquake,0.72,31.61,0.255,5,reviewed,mb,mb
2018-03-29T01:42:39.883Z,61.4324,-146.5548,21,1.5,ml,,,,1.09,ak,ak18810679,2018-03-29T01:50:19.379Z,"35km NNW of Valdez, Alaska",earthquake,,0.3,,,automatic,ak,ak
2018-03-29T01:26:08.330Z,37.5848333,-122.4708333,6.31,0.26,md,4,201,0.04042,0,nc,nc72991050,2018-03-29T20:24:03.296Z,"4km SSE of Pacifica, CA",earthquake,1.28,3.09,0.123,4,reviewed,nc,nc
2018-03-29T01:24:20.530Z,19.1971664,-155.4543304,-0.53,1.72,md,29,123,0.04218,0.17,hv,hv70064651,2018-03-29T01:27:33.300Z,"2km ESE of Pahala, Hawaii",earthquake,0.47,0.19,0.31,9,automatic,hv,hv
2018-03-29T01:22:29.610Z,45.2565,-114.045,6,1.74,ml,9,92,0.95,0.14,mb,mb80287419,2018-03-29T14:18:02.260Z,"14km NW of Salmon, Idaho",earthquake,0.59,1.61,0.281,3,reviewed,mb,mb
2018-03-29T01:21:49.450Z,14.1856,-91.1487,73.12,4.5,mb,,164,0.627,1.32,us,us1000daje,2018-03-29T12:17:40.737Z,"15km NW of La Gomera, Guatemala",earthquake,7.4,8.3,0.043,160,reviewed,us,us
2018-03-29T01:13:58.620Z,46.8568333,-121.9478333,6.21,0.67,ml,8,123,0.01513,0.08,uw,uw61358302,2018-03-29T17:27:45.530Z,"24km E of Eatonville, Washington",earthquake,0.4,0.57,0.269,8,reviewed,uw,uw
2018-03-29T01:06:34.948Z,63.5569,-150.8163,9.7,0.2,ml,,,,0.4,ak,ak18809629,2018-03-29T18:24:34.874Z,"94km WNW of Cantwell, Alaska",earthquake,,0.6,,,reviewed,ak,ak
2018-03-29T01:05:53.950Z,47.5381667,-113.8408333,14.18,-0.56,md,5,160,0.111,0.05,mb,mb80287444,2018-03-29T14:54:43.360Z,"19km E of Ronan, Montana",earthquake,0.77,1.14,,1,reviewed,mb,mb
2018-03-29T01:05:18.970Z,33.9541667,-116.9833333,4.63,0.81,ml,40,60,0.03277,0.15,ci,ci37901791,2018-03-29T14:24:27.748Z,"3km NNW of Beaumont, CA",earthquake,0.15,0.43,0.142,19,reviewed,ci,ci
2018-03-29T01:02:31.317Z,59.5426,-138.8968,6.2,1.9,ml,,,,0.56,ak,ak18809627,2018-03-29T01:15:46.988Z,"46km E of Yakutat, Alaska",earthquake,,0.2,,,automatic,ak,ak
2018-03-29T00:42:19.960Z,37.6701667,-118.876,0.73,0.19,md,11,110,0.02774,0.04,nc,nc72991040,2018-03-29T17:38:03.389Z,"10km ENE of Mammoth Lakes, CA",earthquake,0.69,1.34,0.334,9,reviewed,nc,nc
2018-03-29T00:40:28.530Z,61.944,-149.9199,32.4,1.2,ml,,,,0.36,ak,ak18809619,2018-03-29T00:44:01.708Z,"22km NNE of Willow, Alaska",earthquake,,0.3,,,automatic,ak,ak
2018-03-29T00:37:27.580Z,43.6103333,-110.5295,4.42,1.59,ml,11,209,0.054,0.07,mb,mb80287409,2018-03-29T14:33:52.310Z,"23km NE of Jackson, Wyoming",earthquake,0.85,0.52,0.252,9,reviewed,mb,mb
